Tibetan,English,Meaning and scope,Allowed grammatical forms,Contextual exceptions,Related entries,Rationale and sources,Status and open questions
ཀ་དག་,Primordial purity,,,,,"G, line 3",Established
ཀ་ཏི་ཤེལ་གྱི་སྦུ་གུ་ཅན་,Kati crystal tube channel,,,,,"G, line 4",Established
ཀུན་གཞི་,All-basis,,,,,"G, line 5",Established
ཀུན་ཏུ་བཏགས་པའི་མ་རིག་པ་,Imputing ignorance,,,,Contains: མ་རིག་པ་,"G, line 6; Related mappings: G lines 84",Established
ཀུན་ཏུ་བཟང་པོ་,Samantabhadra,,,,,"G, line 7",Established
ཀུན་རྟོག་,Conceptualization,Keep this listed 'conceptualization' entry distinct from the full 'differentiating conceptualization' entry. The rationale for their relationship is not supplied here.,,,Related conceptualization entry: རྣམ་རྟོག་,"G, line 8; Related mappings: G lines 62; G, lines 8 and 62",Established
ཀློང་,Expanse,,,,,"G, line 9",Established
སྐུ་གསུམ་,Three embodiments,,,,Contains: སྐུ་,"G, line 10; Related mappings: G lines 222",Established
སྐུ་དང་ཡེ་ཤེས་,Embodiments and primordial knowing,Keep 'embodiments and primordial knowing' visible in this established whole-expression rendering.,,,Contains: སྐུ་; ཡེ་ཤེས་,"G, line 11; Related mappings: G lines 104, 222; U1, rule 2",Established
ཁྲལ་མ་ཁྲོལ་མ་,Unimpeded and loose,,,,,"G, line 12",Established
ཁྲེགས་ཆོད་,Cutting Through,,,,,"G, line 13",Established
འགུལ་བ་,Vibration,,,,,"G, line 14",Established
འགུལ་འཕྲིག་,Vibrating and fluttering,,,,,"G, line 15",Established
འགྱུ་བ་,Movement,Preserve the visible pairing 'abiding / movement'.,"movement; move / moves / moved / moving, when used as a verb",,"Paired with: གནས་པ་
Combined in: གནས་འགྱུ་","G, line 16; Related mappings: G lines 59, 206; U1, rule 5; U2, discussion of 4.2",Established
རྒྱན་,Adornment,,,,,"G, line 17",Established
རྒྱང་ཞགས་ཆུའི་སྒྲོན་མ་,Water lamp of the far-reaching lasso,,,,,"G, line 18",Established
དགག་སྒྲུབ་,Denying and affirming,"Keep 'denying and affirming' for this established pair, in this order. It does not by itself establish the sense of standalone དགག་ in a suppression exercise.",,,,"G, line 19; U1, rules 5 and 6; U2, discussion of 2.3; T, p. 283 (line 17)",Established; standalone དགག་ is missing. Its suppress/prevent-arising use needs a separately reviewed entry or construction
གདེང་བཞི་,Four confidences,,,,,"G, line 20",Established
ངོ་སྤྲོད་,Pointing out,,,,,"G, line 21",Established
རྒོད་པ་,Agitation,,,,,"G, line 22",Established
སྒྲ་དོན་འདྲེས་རུང་,Fit for word and meaning to be mixed,The existing expression already establishes mix/mixed/mixing vocabulary. Use that family as the starting point when documenting missing འདྲེ་/འདྲེས་ forms.,,,Contains: སྒྲ་; དོན་; སྒྲ་དོན་,"G, line 23; Related mappings: G lines 198, 199, 200; U2, discussion of 2.4; T, pp. 290 and 299 (lines 31 and 49)","Established; standalone འདྲེ་/འདྲེས་ and the daytime-appearance construction need reviewed additions. 'Integrate with' is a proposal, not a new default"
སྒྲོ་འདོགས་,Superimposition,,,,,"G, line 24",Established
སྒྲོན་མ་བཞི་,Four lamps,,,,,"G, line 25",Established
ཅེར་མཐོང་,Naked seeing,"Preserve seeing, rather than resting, in this expression. Do not merge it with ཅེར་གཞག་.",,,Distinct entry: ཅེར་གཞག་,"G, line 26; Related mappings: G lines 27; U1, rule 8; U2, discussion of 4.2",Established
ཅེར་གཞག་,Naked resting,"Preserve resting, rather than seeing, in this expression. Do not merge it with ཅེར་མཐོང་.",,,Distinct entry: ཅེར་མཐོང་,"G, line 27; Related mappings: G lines 26; U1, rule 8; U2, discussion of 4.2",Established
ཅོག་གཞག་,Leaving as it is,,,,,"G, line 28",Established
ཆོ་འཕྲུལ་,Magical display,,,,,"G, line 29",Established
ཆོས་སྐུ་,Dharma embodiment,,,,Contains: སྐུ་,"G, line 30; Related mappings: G lines 222",Established
ཆོས་ཉིད་,Nature of phenomena,,,,Component of: ཆོས་ཉིད་མངོན་སུམ་གྱི་སྣང་བ་; ཆོས་ཉིད་ཟད་པའི་སྣང་བ་,"G, line 31; Related mappings: G lines 32, 33",Established
ཆོས་ཉིད་མངོན་སུམ་གྱི་སྣང་བ་,Vision of the direct perception of the nature of phenomena,Existing whole-expression mapping uses 'vision'. Keep that choice for this expression rather than mechanically inserting the standalone 'appearance' gloss.,,,Contains: སྣང་བ་; ཆོས་ཉིད་; མངོན་སུམ་,"G, line 32; Related mappings: G lines 31, 64, 88; G, whole-expression mapping",Established
ཆོས་ཉིད་ཟད་པའི་སྣང་བ་,Vision of the exhaustion of nature of phenomena,Existing whole-expression mapping uses 'vision'. Keep that choice for this expression rather than mechanically inserting the standalone 'appearance' gloss.,,,Contains: སྣང་བ་; ཆོས་ཉིད་,"G, line 33; Related mappings: G lines 31, 64; G, whole-expression mapping",Established
ཆོས་དབྱིངས་,Basic space of phenomena,Keep the complete 'basic space of phenomena' rendering; it explicitly preserves the དབྱིངས་ component.,,,Contains: དབྱིངས་,"G, line 34; Related mappings: G lines 202; U1, rules 2 and 16",Established
རྗེས་ཐོབ་,Post-cultivation attainment,,,,,"G, line 35",Established
རྗེས་སྣང་,Post-cultivation appearance,,,,,"G, line 36",Established
ཉམས་གོང་འཕེལ་གྱི་སྣང་བ་,Vision of increasing experience,Existing whole-expression mapping uses 'vision'. Keep that choice for this expression rather than mechanically inserting the standalone 'appearance' gloss.,,,Contains: སྣང་བ་; ཉམས་,"G, line 37; Related mappings: G lines 64, 164; G, whole-expression mapping",Established
མཉམ་ཉིད་,Evenness,,,,,"G, line 38",Established
གཉིས་འཛིན་,Dualistic grasping,,,,,"G, line 39",Established
རང་བཞིན་,Intrinsic nature,"One of the key terms in the essence–intrinsic nature–compassionate responsiveness triad. Preserve 'intrinsic nature', including when the Tibetan construction is adverbial.",Keep 'intrinsic nature' within the grammatical construction; do not duplicate its contribution or reduce it to generic 'nature'.,,"Component of: གཉུག་མའི་རང་བཞིན་
Co-occurs in source triad: ངོ་བོ་; ཐུགས་རྗེ་","G, line 40; T, p. 286 (line 23); Related mappings: G lines 41, 157, 178; U2, discussion of 2.2; U3, grammatical forms versus exceptions; T, p. 295 (line 41)",Established; proposed wording 'by its intrinsic nature' for རང་བཞིན་གྱིས་ requires construction-level review
གཉུག་མའི་རང་བཞིན་,Genuine intrinsic nature,The listed whole expression retains 'intrinsic nature'; 'genuine' belongs to this whole-expression entry.,,,Contains: རང་བཞིན་,"G, line 41; Related mappings: G lines 40; G, lines 40–41",Established
མཉམ་གཞག་,Equipoise,"Keep 'equipoise'. In the discussed posture instruction, the expression concerns arranging the hands; the physical construction must remain intelligible.",,,,"G, line 42; T, p. 292 (line 35); U2, discussion of 4.2",Established; proposed posture wording 'gesture of equipoise' needs confirmation before being treated as an approved realization
རྙོག་མ་,Turbidity,,,,,"G, line 43",Established
ཏིང་ངེ་འཛིན་,Deep absorption,,,,,"G, line 44",Established
རྟོག་,Conceptualizing,Preserve the listed conceptualization-family wording and its distinction from རྟོགས་པ་ ('realization'). Related forms are not automatically interchangeable.,,,"Lexical family: རྟོག་པ་; རྣམ་རྟོག་; མི་རྟོག་པ་; རྟོག་མེད་; ཞེན་རྟོག་
Distinct entry: རྟོགས་པ་","G, line 45; Related mappings: G lines 46, 62, 204, 215, 216, 217; U1, rules 1, 4 and 7",Established
རྟོག་པ་,Conceptual thought,Preserve the listed conceptualization-family wording and its distinction from རྟོགས་པ་ ('realization'). Related forms are not automatically interchangeable.,,,"Component of: སོ་སོར་རྟོག་པའི་ཡེ་ཤེས་
Lexical family: རྟོག་
Distinct entry: རྟོགས་པ་","G, line 46; Related mappings: G lines 45, 139, 204; U1, rules 1, 4 and 7",Established
ལྟ་སྟངས་,Gaze,,,,Shares original English gloss: གཟིགས་སྟངས་,"G, line 47; Related mappings: G lines 48; G observation: shared English output retained; relationship rationale not supplied",Established; shared English gloss preserved. Its relationship rationale is not yet documented
གཟིགས་སྟངས་,Gaze,,,,Shares original English gloss: ལྟ་སྟངས་,"G, line 48; Related mappings: G lines 47; G observation: shared English output retained; relationship rationale not supplied",Established; shared English gloss preserved. Its relationship rationale is not yet documented
སྟོང་པ་,Emptiness,,"emptiness (noun); empty (adjectival/predicative). Select the grammatical function, not a new technical synonym.",,Component of: ཐིག་ལེ་སྟོང་པའི་སྒྲོན་མ་; གསལ་སྟོང་,"G, line 49; Related mappings: G lines 51, 208; U2, discussion of 4.2",Established
ཐིག་ལེ་,Sphere,,,,Component of: ཐིག་ལེ་སྟོང་པའི་སྒྲོན་མ་,"G, line 50; Related mappings: G lines 51",Established
ཐིག་ལེ་སྟོང་པའི་སྒྲོན་མ་,Lamp of the empty sphere,,,,Contains: ཐིག་ལེ་; སྟོང་པ་,"G, line 51; Related mappings: G lines 49, 50",Established
ཐོད་རྒལ་,Leapover,,,,,"G, line 52",Established
དབྱིངས་རྣམ་པར་དག་པའི་སྒྲོན་མ་,Lamp of the perfectly pure basic space,,,,Contains: དབྱིངས་,"G, line 53; Related mappings: G lines 202",Established
བཏགས་པའི་འཁྲུལ་པ་,Imputed delusion,,,,Contains: འཁྲུལ་པ་,"G, line 54; Related mappings: G lines 203",Established
དོན་སྤྱི་,Meaning generalization,,,,Contains: དོན་,"G, line 55; Related mappings: G lines 199",Established
དམིགས་པ་,Object of focus,,,,,"G, line 56",Established
འདུ་ཤེས་,Perception,,,,,"G, line 57",Established
ནམ་མཁའ་,Space,Keep the project term 'space' distinct from 'basic space' for དབྱིངས་.,,,Distinct entry: དབྱིངས་,"G, line 58; Related mappings: G lines 202; U1, rules 3 and 17",Established
གནས་པ་,Abiding,Preserve the visible pairing 'abiding / movement'.,"abiding; abide / abides / abided, when used as a verb",,"Paired with: འགྱུ་བ་
Combined in: གནས་འགྱུ་","G, line 59; Related mappings: G lines 16, 206; U1, rule 5; U2, discussion of 4.2",Established
གནས་ལུགས་,Natural state,,,,,"G, line 60",Established
རྣམ་པ་,Aspect,,,,,"G, line 61",Established
རྣམ་རྟོག་,Differentiating conceptualization,Established technical term developed over years. The user distinguishes its epistemological process/scheme use from uses referring to occurring thoughts; context must not import the former into the latter.,,,"Lexical family: རྟོག་
Distinct entry: རྟོགས་པ་
Related conceptualization entry: ཀུན་རྟོག་","G, line 62; Related mappings: G lines 8, 45, 204; U1, rules 1, 4 and 7; U2, discussion of 2.3 and 4.1; U3, contextual exceptions; T, pp. 278 and 283 (lines 7 and 17)","Established; a thought-occurrence exception is needed, but its exact wording and trigger are not settled. 'Thoughts' is a proposal, not an approved alternative"
རྣམ་ཤེས་,Consciousness,Preserve 'consciousness' as its own identifiable entry rather than treating the mind/knowing vocabulary as interchangeable.,,,"Component of: ཡིད་ཀྱི་རྣམ་ཤེས་
Distinct entry: སེམས་; ཤེས་པ་; རིག་པ་","G, line 63; Related mappings: G lines 101, 115, 132, 137; U2, terminology preservation",Established
སྣང་བ་,Appearance,Default listed gloss is 'appearance'. The glossary separately establishes 'vision' in named visionary expressions; do not extend that change to every occurrence.,,Use 'visions' within the existing སྣང་བ་བཞི་ entry and 'vision' within the four separately listed visionary phrases. Their whole-expression mappings govern.,"Component of: སྣང་བ་བཞི་; ཆོས་ཉིད་མངོན་སུམ་གྱི་སྣང་བ་; ཆོས་ཉིད་ཟད་པའི་སྣང་བ་; ཉམས་གོང་འཕེལ་གྱི་སྣང་བ་; རིག་པ་ཚད་ཕེབས་ཀྱི་སྣང་བ་
Shares original English gloss: སྣང་","G, line 64; Related mappings: G lines 32, 33, 37, 65, 94, 224; G, lines 32–33, 37, 64–65 and 94; G observation: shared English output retained; relationship rationale not supplied",Established; shared English gloss preserved. Its relationship rationale is not yet documented
སྣང་བ་བཞི་,Four visions,Established whole-expression rendering: 'four visions'. Do not mechanically replace it with 'four appearances'.,,,Contains: སྣང་བ་,"G, line 65; Related mappings: G lines 64; G, lines 64–65",Established
སྤང་བླང་,Rejecting and accepting,"Preserve both members and their order: rejecting, then accepting.",,,,"G, line 66; U1, rules 5 and 6",Established
སྤྱི་བླུགས་,Total immersion,,,,,"G, line 67",Established
སྤྲོས་བྲལ་,Free from conceptual elaborations,,,,,"G, line 68",Established
ཕྱག་རྒྱ་ཆེན་པོ་,Mahamudra,,,,,"G, line 69",Established
ཕྱམ་མེ་,All-encompassing,,,,Shares original English gloss: ཕྱམ་གདལ་,"G, line 70; Related mappings: G lines 71; G observation: shared English output retained; relationship rationale not supplied",Established; shared English gloss preserved. Its relationship rationale is not yet documented
ཕྱམ་གདལ་,All-encompassing,,,,Shares original English gloss: ཕྱམ་མེ་,"G, line 71; Related mappings: G lines 70; G observation: shared English output retained; relationship rationale not supplied",Established; shared English gloss preserved. Its relationship rationale is not yet documented
འཕྲིག་པ་,Fluttering,,,,,"G, line 72",Established
འཕྲོ་འདུ་,Proliferating and gathering,,,,Lexical family: འཕྲོ་བ་; འཕྲོ་,"G, line 73; Related mappings: G lines 159, 160",Established
བག་ཆགས་,Habitual tendencies,,,,,"G, line 74",Established
བར་དོ་,Intermediate state,,,,,"G, line 75",Established
བྱ་བྲལ་,Free from doing,Keep 'doing' visible in the freedom-from-doing expression.,free from doing (adjectival/predicative); freedom from doing (noun phrase),,Paired with: བྱ་བ་,"G, line 76; Related mappings: G lines 205; U1, rule 5; U2, discussion of 4.2",Established
བྱིང་བ་,Dullness,,,,,"G, line 77",Established
བྲེང་ཙམ་,A mere thread,,,,,"G, line 78",Established
བློ་,Conceptual mind,"Keep 'conceptual mind' identifiable, including in its listed phrases. Do not reduce it to generic 'mind' when that erases which Tibetan term is used.",,,"Component of: བློས་བྱས་; བློ་བྲལ་; བློ་འདས་
Distinct entry: སེམས་; ཡིད་","G, line 79; Related mappings: G lines 99, 137, 183, 209, 210; U2, terminology preservation",Established
དབང་པོའི་སྒོ་,Sense gates,,,,,"G, line 80",Established
མ་བཅོས་,Uncontrived,Keep the contrivance-family vocabulary identifiable across these listed entries; do not reuse it casually for unrelated technical families.,,,Lexical family: བཟོ་བཅོས་; བཅོས་བསླད་; བཟོ་བྱེད་,"G, line 81; Related mappings: G lines 91, 147, 182; U1, rule 4",Established
མ་འགགས་པ་,Unceasing,,,,,"G, line 82",Established
མ་ཡེངས་,Undistracted,,undistracted (adjectival); undistractedness (noun),,,"G, line 83; U2, discussion of 4.2",Established
མ་རིག་པ་,Ignorance,,,,Component of: ཀུན་ཏུ་བཏགས་པའི་མ་རིག་པ་; ལྷན་ཅིག་སྐྱེས་པའི་མ་རིག་པ་,"G, line 84; Related mappings: G lines 6, 128",Established
མིང་,Name,,,,Component of: མིང་དོན་; མིང་དོན་འདྲེས་པ་; མིང་དང་ཡི་གེའི་ཚོགས་མེད་པ་,"G, line 85; Related mappings: G lines 86, 87, 201",Established
མིང་དོན་འདྲེས་པ་,Mixing of name and meaning,The existing expression already establishes mix/mixed/mixing vocabulary. Use that family as the starting point when documenting missing འདྲེ་/འདྲེས་ forms.,,,Contains: མིང་; དོན་; མིང་དོན་,"G, line 86; Related mappings: G lines 85, 199, 201; U2, discussion of 2.4; T, pp. 290 and 299 (lines 31 and 49)","Established; standalone འདྲེ་/འདྲེས་ and the daytime-appearance construction need reviewed additions. 'Integrate with' is a proposal, not a new default"
མིང་དང་ཡི་གེའི་ཚོགས་མེད་པ་,Without the gathering of names and letters,,,,Contains: མིང་,"G, line 87; Related mappings: G lines 85",Established
མངོན་སུམ་,Direct perception,,,,Component of: ཆོས་ཉིད་མངོན་སུམ་གྱི་སྣང་བ་,"G, line 88; Related mappings: G lines 32",Established
ཞེན་པ་,Clinging,,,,Component of: ཞེན་རྟོག་,"G, line 89; Related mappings: G lines 217",Established
ཟང་ཐལ་,Unimpeded penetration,,,,,"G, line 90",Established
བཟོ་བྱེད་,Contriver,Keep the contrivance-family vocabulary identifiable across these listed entries; do not reuse it casually for unrelated technical families.,,,Lexical family: བཟོ་བཅོས་; བཅོས་བསླད་; མ་བཅོས་,"G, line 91; Related mappings: G lines 81, 147, 182; U1, rule 4",Established
འུབ་ཆུབ་,Subsumed,,,,,"G, line 92",Established
རུ་ཤན་,Secret preliminary,,,,,"G, line 93",Established
རིག་པ་ཚད་ཕེབས་ཀྱི་སྣང་བ་,Vision of awareness reaching its limit,Existing whole-expression mapping uses 'vision'. Keep that choice for this expression rather than mechanically inserting the standalone 'appearance' gloss.,,,Contains: སྣང་བ་; རིག་པ་,"G, line 94; Related mappings: G lines 64, 115; G, whole-expression mapping",Established
གཟུང་འཛིན་,Apprehended object and apprehending subject,"Preserve the source order: apprehended object, then apprehending subject.",,,Combines: གཟུང་བ་; འཛིན་པ་,"G, line 95; Related mappings: G lines 96, 97; U1, rules 5 and 6",Established
གཟུང་བ་,Apprehended object,Preserve the pairing with 'apprehending subject'; keep the apprehended role visible.,,,"Paired with: འཛིན་པ་
Combined in: གཟུང་འཛིན་","G, line 96; Related mappings: G lines 95, 97; U1, rule 5",Established
འཛིན་པ་,Apprehending subject,Preserve the pairing with 'apprehended object'; keep the apprehending role visible.,,,"Paired with: གཟུང་བ་
Combined in: གཟུང་འཛིན་","G, line 97; Related mappings: G lines 95, 96; U1, rule 5",Established
ཡང་མ་ཡེང་མ་,Wavering,,,,,"G, line 98",Established
ཡིད་,Mental faculty,Keep 'mental faculty' identifiable rather than merging it with the glossary's other mind/knowing terms.,,"Within ཡིད་ཀྱི་རྣམ་ཤེས་, the original whole-expression mapping is 'mental consciousness'. This does not authorize 'mental' as a general standalone replacement.","Component of: ཡིད་ཀྱི་སྒོ་; ཡིད་ཀྱི་རྣམ་ཤེས་
Distinct entry: སེམས་; བློ་","G, line 99; Related mappings: G lines 79, 100, 101, 137; U2, terminology preservation",Established
ཡིད་ཀྱི་སྒོ་,Gate of the mental faculty,Keep 'mental faculty' visible in this established whole-expression rendering.,,,Contains: ཡིད་,"G, line 100; Related mappings: G lines 99; U1, rule 2",Established
ཡིད་ཀྱི་རྣམ་ཤེས་,Mental consciousness,Keep the established whole expression 'mental consciousness'; its wording is not mechanically expanded from 'mental faculty'.,,,Contains: ཡིད་; རྣམ་ཤེས་,"G, line 101; Related mappings: G lines 63, 99; G, lines 99–101",Established
ཡེ་གྲོལ་,Primordial liberation,,,,,"G, line 102",Established
ཡེ་བབས་,Natural settling,,,,,"G, line 103",Established
ཡེ་ཤེས་,Primordial knowing,Preserve 'primordial knowing' throughout its listed compounds; do not alternate casually with generic 'wisdom'. Keep it distinct from discerning knowing.,,,"Component of: སྐུ་དང་ཡེ་ཤེས་; རང་བྱུང་ཡེ་ཤེས་; སོ་སོར་རྟོག་པའི་ཡེ་ཤེས་
Distinct entry: ཤེས་རབ་","G, line 104; Related mappings: G lines 11, 110, 139, 218; U1, rules 2, 4 and 8",Established
རང་འགགས་,Self-cessation,,,,,"G, line 105",Established
རང་གྲོལ་,Self-liberation,,,,,"G, line 106",Established
རང་ངོ་ཤེས་པ་,Self-recognition,Preserve its relationship to recognition and the source's self-reference; resolve the referent in the sentence rather than replacing the canonical term.,,,Contains: ངོ་ཤེས་པ་,"G, line 107; Related mappings: G lines 166; U1, rules 1 and 2",Established
རང་ཐོག་ཏུ་ཆོད་པ་,Cut on its own ground,,,,,"G, line 108",Established
རང་སྣང་,Self-appearance,,,,,"G, line 109",Established
རང་བྱུང་ཡེ་ཤེས་,Naturally arising primordial knowing,Keep 'primordial knowing' visible in this established whole-expression rendering.,,,Contains: ཡེ་ཤེས་,"G, line 110; Related mappings: G lines 104; U1, rule 2",Established
རང་མཚན་,Specifically characterized reality,,,,,"G, line 111",Established
རང་ཤར་,Self-arising,,,,,"G, line 112",Established
རང་སངས་,Self-purified,,,,Shares original English gloss: རང་དག་,"G, line 113; Related mappings: G lines 114; G observation: shared English output retained; relationship rationale not supplied",Established; shared English gloss preserved. Its relationship rationale is not yet documented
རང་དག་,Self-purified,,,,Shares original English gloss: རང་སངས་,"G, line 114; Related mappings: G lines 113; G observation: shared English output retained; relationship rationale not supplied",Established; shared English gloss preserved. Its relationship rationale is not yet documented
རིག་པ་,Awareness,Preserve 'awareness' as its own identifiable glossary term; do not silently substitute the other mind/knowing entries.,,,"Component of: རིག་པ་ཚད་ཕེབས་ཀྱི་སྣང་བ་
Distinct entry: སེམས་; ཤེས་པ་; རྣམ་ཤེས་","G, line 115; Related mappings: G lines 63, 94, 132, 137; U2, terminology preservation",Established
རེ་དོགས་,Hope and fear,,,,,"G, line 116",Established
རྡོ་རྗེའི་གནས་བཅུ་གཅིག་,Eleven vajra topics,,,,,"G, line 117",Established
རོལ་པ་,Play,,,,,"G, line 118",Established
རླུང་,Wind,,,,Component of: རླུང་སེམས་; ལས་ཀྱི་རླུང་,"G, line 119; Related mappings: G lines 120, 121",Established
རླུང་སེམས་,Wind-mind,Preserve the existing whole-expression 'wind-mind'. Its shortening does not change the standalone 'ordinary mind' entry.,,,Contains: སེམས་; རླུང་,"G, line 120; Related mappings: G lines 119, 137; G, lines 119–120 and 137",Established
ལས་ཀྱི་རླུང་,Karmic wind,,,,Contains: རླུང་,"G, line 121; Related mappings: G lines 119",Established
ལུ་གུ་རྒྱུད་,Vajra chains,The canonical 'vajra chains' has a specialized visionary use. The same Tibetan expression may instead refer to an ordinary chain/continuation in another context.,,"In the discussed non-visionary expression འཁྲུལ་པ་ལུ་གུ་རྒྱུད་, use 'chain of delusion' rather than importing 'vajra'. This is not a universal replacement for 'vajra chains'.",,"G, line 122; U1, rule 11; T, p. 287 (line 25)",Established; non-visionary chain use documented. Any 'continuum' wording must also preserve the separate རྒྱུད་ mapping
ལུང་མ་བསྟན་,Stagnant neutrality,,,,,"G, line 123",Established
ལྟ་བ་,View,,,,,"G, line 124",Established
སྒོམ་པ་,Cultivation,"Keep cultivation-family wording visible, including in its pairing with non-cultivation.","cultivation; cultivate / cultivates / cultivated / cultivating, as grammar requires",,Paired with: སྒོམ་མེད་,"G, line 125; Related mappings: G lines 187; U1, rule 5; U2, discussion of 4.2",Established
སྤྱོད་པ་,Activity,,,,,"G, line 126",Established
འབྲས་བུ་,Result,,,,,"G, line 127",Established
ལྷན་ཅིག་སྐྱེས་པའི་མ་རིག་པ་,Co-emergent ignorance,,,,Contains: མ་རིག་པ་,"G, line 128; Related mappings: G lines 84",Established
ལྷུག་པ་,Letting be,,,,,"G, line 129",Established
ལྷུན་གྲུབ་,Spontaneous presence,,,,,"G, line 130",Established
ཤག་མ་ཤིག་མ་,Flickering,,,,,"G, line 131",Established
ཤེས་པ་,Knowing,"Preserve the listed 'knowing' entry separately from ordinary mind, awareness, consciousness, discerning knowing, and primordial knowing.",,,"Component of: ཐ་མལ་གྱི་ཤེས་པ་
Distinct entry: སེམས་; རིག་པ་; རྣམ་ཤེས་","G, line 132; Related mappings: G lines 63, 115, 137, 169; U2, terminology preservation",Established
ཤེས་རབ་རང་བྱུང་གི་སྒྲོན་མ་,Lamp of naturally arising discerning knowing,Keep 'discerning knowing' visible in this established whole-expression rendering.,,,Contains: ཤེས་རབ་,"G, line 133; Related mappings: G lines 218; U1, rule 2",Established
སང་མ་སེང་མ་,Shimmering,,,,,"G, line 134",Established
ས་ལེ་བ་,Clear and distinct,,clear and distinct (adjectival); clearly and distinctly (adverbial),,Shares original English gloss: སལ་ལེ་བ་,"G, line 135; Related mappings: G lines 136; U2, discussion of 4.2; G observation: shared English output retained; relationship rationale not supplied",Established; shared English gloss preserved. Its relationship rationale is not yet documented
སལ་ལེ་བ་,Clear and distinct,,clear and distinct (adjectival); clearly and distinctly (adverbial),,Shares original English gloss: ས་ལེ་བ་,"G, line 136; Related mappings: G lines 135; U2, discussion of 4.2; G observation: shared English output retained; relationship rationale not supplied",Established; shared English gloss preserved. Its relationship rationale is not yet documented
སེམས་,Ordinary mind,"Project technical equivalent for སེམས་, not generic 'mind'. 'Ordinary' is part of the established English term; it does not exclude the source's description of སེམས་ as primordially buddha.",Retain the full phrase 'ordinary mind'; add possession only where the source construction warrants it.,"Within the existing རླུང་སེམས་ entry, use its established whole-expression gloss 'wind-mind'; do not expand it mechanically.","Component of: རླུང་སེམས་
Distinct entry: ཐ་མལ་གྱི་ཤེས་པ་; བློ་; ཡིད་; ཤེས་པ་; རིག་པ་; རྣམ་ཤེས་","G, line 137; Related mappings: G lines 63, 79, 99, 115, 120, 132, 169; U2, discussion of 2.1; T, pp. 276 and 286 (lines 3 and 23)",Established; the user's threefold explanation of ordinary mind/ordinary knowing is not yet fully documented
སོ་མ་,Fresh,,,,,"G, line 138",Established
སོ་སོར་རྟོག་པའི་ཡེ་ཤེས་,Discriminating primordial knowing,Established lexicalized whole expression. Preserve 'discriminating primordial knowing' rather than rebuilding the phrase mechanically from the conceptual-thought entry.,,"Lexicalized whole-expression mapping: 'discriminating', not mechanical 'individual conceptual thought'. Applies to this complete expression only.",Contains: ཡེ་ཤེས་; རྟོག་པ་,"G, line 139; Related mappings: G lines 46, 104; U1, rule 10",Established
སྒྱུ་མའི་དཔེ་བརྒྱད་,Eight examples of illusion,,,,,"G, line 140",Established
ཧད་དེ་,Abruptly seeing,,,,,"G, line 141",Established
ཝལ་ལེ་བ་,Vividly clear,,,,Shares original English gloss: ཝལ་གྱིས་,"G, line 142; Related mappings: G lines 143; G observation: shared English output retained; relationship rationale not supplied",Established; shared English gloss preserved. Its relationship rationale is not yet documented
ཝལ་གྱིས་,Vividly clear,,,,Shares original English gloss: ཝལ་ལེ་བ་,"G, line 143; Related mappings: G lines 142; G observation: shared English output retained; relationship rationale not supplied",Established; shared English gloss preserved. Its relationship rationale is not yet documented
གཞི་,The Ground,,,,Component of: གཞི་སྣང་,"G, line 144; Related mappings: G lines 145",Established
གཞི་སྣང་,Ground-appearance,,,,Contains: གཞི་,"G, line 145; Related mappings: G lines 144",Established
གཞལ་བྱ་,Object of comprehension,,,,,"G, line 146",Established
བཅོས་བསླད་,Contrivance and adulteration,Keep the contrivance-family vocabulary identifiable across these listed entries; do not reuse it casually for unrelated technical families.,,,Lexical family: བཟོ་བཅོས་; མ་བཅོས་; བཟོ་བྱེད་,"G, line 147; Related mappings: G lines 81, 91, 182; U1, rule 4",Established
རྩལ་,Expressiveness,,,,,"G, line 148",Established
རྩེ་གཅིག་,One-pointedness,,,,,"G, line 149",Established
འཁྲུལ་སྣང་,Delusory appearance,,,,Contains: འཁྲུལ་པ་,"G, line 150; Related mappings: G lines 203",Established
འཁྲུལ་ཚུལ་,Manner of delusion,,,,Contains: འཁྲུལ་པ་,"G, line 151; Related mappings: G lines 203",Established
འཁྲུལ་ཤེས་,Deluded cognition,,,,Contains: འཁྲུལ་པ་,"G, line 152; Related mappings: G lines 203",Established
འོད་གསལ་,Clear light,,,,,"G, line 153",Established
གློ་བུར་བའི་དྲི་མ་,Adventitious stain,,,,,"G, line 154",Established
གསལ་ཆ་,Clarity aspect,,,,Contains: གསལ་བ་,"G, line 155; Related mappings: G lines 156",Established
གསལ་བ་,Clarity,,"clarity (noun); clear (adjectival); clearly (adverbial), where the source construction calls for that function",,Component of: གསལ་ཆ་; གསལ་སྟོང་,"G, line 156; Related mappings: G lines 155, 208; U2, discussion of 4.2",Established
ངོ་བོ་,Essence,Keep 'essence' distinct in wording from 'intrinsic nature' and 'compassionate responsiveness' in the source triad.,,,Co-occurs in source triad: རང་བཞིན་; ཐུགས་རྗེ་,"G, line 157; T, p. 286 (line 23); Related mappings: G lines 40, 178",Established
དྲན་པ་,Mindfulness,,,,Component of: གཟུང་དྲན་; རང་གསལ་གྱི་དྲན་པ་,"G, line 158; Related mappings: G lines 185, 186",Established
འཕྲོ་བ་,Proliferation,,"proliferation; proliferate / proliferates / proliferated / proliferating, as grammar requires",,"Lexical family: འཕྲོ་; འཕྲོ་འདུ་
Shares original English gloss: འཕྲོ་","G, line 159; Related mappings: G lines 73, 160; U2, discussion of 4.2; G observation: shared English output retained; relationship rationale not supplied",Established; shared English gloss preserved. Its relationship rationale is not yet documented
འཕྲོ་,Proliferation,,"proliferation; proliferate / proliferates / proliferated / proliferating, as grammar requires",,"Lexical family: འཕྲོ་བ་; འཕྲོ་འདུ་
Shares original English gloss: འཕྲོ་བ་","G, line 160; Related mappings: G lines 73, 159; U2, discussion of 4.2; G observation: shared English output retained; relationship rationale not supplied",Established; shared English gloss preserved. Its relationship rationale is not yet documented
ཞི་གནས་,Calm abiding,,,,Combined in: ཞི་ལྷག་ཟུང་འབྲེལ་,"G, line 161; Related mappings: G lines 163",Established
ལྷག་མཐོང་,Special insight,,,"Within the existing ཞི་ལྷག་ཟུང་འབྲེལ་ entry, retain 'union of calm abiding and insight'; this is not permission to shorten every standalone occurrence.",Combined in: ཞི་ལྷག་ཟུང་འབྲེལ་,"G, line 162; Related mappings: G lines 163; G, lines 162–163",Established
ཞི་ལྷག་ཟུང་འབྲེལ་,Union of calm abiding and insight,"Preserve the established whole-expression 'union of calm abiding and insight'. Its use of 'insight' is already in the glossary, not a translator-created deviation.",,,Combines: ཞི་གནས་; ལྷག་མཐོང་,"G, line 163; Related mappings: G lines 161, 162; G, lines 161–163",Established
ཉམས་,Experience,Keep 'experience' distinct from 'experiential acquaintance' for ཉམས་མྱོང་ and 'realization' for རྟོགས་པ་.,,,"Component of: ཉམས་གོང་འཕེལ་གྱི་སྣང་བ་
Distinct entry: ཉམས་མྱོང་","G, line 164; Related mappings: G lines 37, 165; U1, rules 3 and 8; U2, terminology preservation",Established
ཉམས་མྱོང་,Experiential acquaintance,Retain 'experiential acquaintance'; do not silently standardize it to 'experience' or 'realization'.,,,Distinct entry: ཉམས་; རྟོགས་པ་,"G, line 165; Related mappings: G lines 164, 204; U1, rules 3 and 8; U2, terminology preservation",Established
ངོ་ཤེས་པ་,Recognition,,"recognition; recognize / recognizes / recognized / recognizing, where a verbal realization is required; retain the separately listed Tibetan forms",,"Component of: རང་ངོ་ཤེས་པ་
Lexical family: ངོ་ཤེས་; ངོ་ཤེས་ཙམ་","G, line 166; Related mappings: G lines 107, 167, 168; U2, discussion of 4.2; G, lines 166–168",Established
ངོ་ཤེས་,Recognizing,,"recognizing; recognize / recognizes / recognized, as the construction requires",,"Component of: ངོ་ཤེས་ཙམ་
Lexical family: ངོ་ཤེས་པ་; ངོ་ཤེས་ཙམ་","G, line 167; Related mappings: G lines 166, 168; U2, discussion of 4.2; G, lines 166–168",Established
ངོ་ཤེས་ཙམ་,Mere recognition,,mere recognition (noun phrase); merely recognize (verbal phrase). Keep the limiting force of 'mere/merely'.,,"Contains: ངོ་ཤེས་
Lexical family: ངོ་ཤེས་པ་; ངོ་ཤེས་","G, line 168; Related mappings: G lines 166, 167; U2, discussion of 4.2; G, lines 166–168",Established
ཐ་མལ་གྱི་ཤེས་པ་,Ordinary knowing,Preserve 'ordinary knowing' as the identifiable rendering of this expression; do not collapse it into the སེམས་ entry 'ordinary mind'.,,,"Contains: ཤེས་པ་
Distinct entry: སེམས་","G, line 169; Related mappings: G lines 132, 137; U2, discussion of 2.1",Established; detailed threefold account and context conditions remain to be documented
དགོངས་པ་,Enlightened intent,"Preserve 'enlightened intent'. In the colophon, repair the sentence's relationships without diluting this term merely to avoid repetition.",,,,"G, line 170; U2, discussion of 2.5; T, p. 299 (line 49)",Established; standalone ཐུགས་ is absent. Its colophon treatment and relation to this entry need a documented decision
མོས་གུས་,Confident devotion,,,,,"G, line 171",Established
བྱིན་རླབས་,Blessing,,,,,"G, line 172",Established
དད་པ་,Faith,,,,,"G, line 173",Established
སྔོན་འགྲོ་,Preliminaries,,,,,"G, line 174",Established
བླ་མའི་རྣལ་འབྱོར་,Guru Yoga,,,,,"G, line 175",Established
སྐྱབས་འགྲོ་,Going for refuge,,,,,"G, line 176",Established
དབང་བཞི་,Four empowerments,,,,,"G, line 177",Established
ཐུགས་རྗེ་,Compassionate responsiveness,"Keep the established 'compassionate responsiveness', including in the source triad. Do not infer a standalone mapping for ཐུགས་ from this compound.",,,Co-occurs in source triad: ངོ་བོ་; རང་བཞིན་,"G, line 178; T, p. 286 (line 23); Related mappings: G lines 40, 157; U2, discussion of 2.5; G, coverage observation",Established; standalone ཐུགས་ and སྙིང་རྗེ་ are not entries in the supplied glossary; their treatment remains unresolved
གདངས་,Radiance,,,,,"G, line 179",Established
རང་སར་གྲོལ་,Liberated in its own place,,,,,"G, line 180",Established
འཛིན་མེད་,Free from grasping,,,,,"G, line 181",Established
བཟོ་བཅོས་,Contrivance,Keep the contrivance-family vocabulary identifiable across these listed entries; do not reuse it casually for unrelated technical families.,contrivance (noun); contrive / contrives / contrived / contriving (verb forms when the source construction requires them),,Lexical family: བཅོས་བསླད་; མ་བཅོས་; བཟོ་བྱེད་,"G, line 182; Related mappings: G lines 81, 91, 147; U1, rule 4; U2, discussion of 4.2",Established
བློས་བྱས་,Constructed by the conceptual mind,Keep 'conceptual mind' visible in this established whole-expression rendering.,,,Contains: བློ་,"G, line 183; Related mappings: G lines 79; U1, rule 2",Established
སྐྱེ་བ་མེད་པ་,Non-arising,,,,,"G, line 184",Established
གཟུང་དྲན་,Holding mindfulness,,,,Contains: དྲན་པ་,"G, line 185; Related mappings: G lines 158",Established
རང་གསལ་གྱི་དྲན་པ་,Self-clear mindfulness,,,,Contains: དྲན་པ་,"G, line 186; Related mappings: G lines 158",Established
སྒོམ་མེད་,Non-cultivation,Preserve 'non-cultivation' and its visible relationship to སྒོམ་པ་.,,,Paired with: སྒོམ་པ་,"G, line 187; Related mappings: G lines 125; U1, rule 5",Established
རྒྱུད་,Continuum,Keep the listed 'continuum' entry. Do not assume that the differently written རྒྱུན་ has already been assigned the same English technical term.,,,,"G, line 188; U2, terminology preservation; G, coverage observation",Established; རྒྱུན་ is absent from the supplied glossary and requires its own reviewed treatment
བྱུང་གནས་འགྲོ་གསུམ་,"The threefold investigation of arising, abiding, and going",,,,,"G, line 189",Established
རང་ཐོག་ཏུ་འཇོག་,Resting upon itself,,,,,"G, line 190",Established
དེ་ཁའི་ཐོག་ཏུ་བཞག་,Rest right on that,,,,,"G, line 191",Established
གཅིག་ཅར་བ་,Simultaneous type,,,,,"G, line 192",Established
ཐོད་རྒལ་བ་,Leap-over type,,,,,"G, line 193",Established
རིམ་སྐྱེས་པ་,Gradual type,,,,,"G, line 194",Established
དབང་པོ་རབ་,Superior faculty,,,,,"G, line 195",Established
དབང་པོ་འབྲིང་,Middling faculty,,,,,"G, line 196",Established
དབང་པོ་ཐ་མ་,Inferior faculty,,,,,"G, line 197",Established
སྒྲ་,Word,,,,Component of: སྒྲ་དོན་; སྒྲ་དོན་འདྲེས་རུང་,"G, line 198; Related mappings: G lines 23, 200",Established
དོན་,Meaning,,,,Component of: སྒྲ་དོན་; མིང་དོན་; མིང་དོན་འདྲེས་པ་; སྒྲ་དོན་འདྲེས་རུང་; དོན་སྤྱི་,"G, line 199; Related mappings: G lines 23, 55, 86, 200, 201",Established
སྒྲ་དོན་,Word and meaning,,,,"Contains: སྒྲ་; དོན་
Component of: སྒྲ་དོན་འདྲེས་རུང་","G, line 200; Related mappings: G lines 23, 198, 199",Established
མིང་དོན་,Name and meaning,,,,"Contains: མིང་; དོན་
Component of: མིང་དོན་འདྲེས་པ་","G, line 201; Related mappings: G lines 85, 86, 199",Established
དབྱིངས་,Basic space,Keep 'basic space' distinct from 'space' for ནམ་མཁའ་ and preserve it in the listed compounds.,,,"Component of: ཆོས་དབྱིངས་; དབྱིངས་རྣམ་པར་དག་པའི་སྒྲོན་མ་
Distinct entry: ནམ་མཁའ་","G, line 202; Related mappings: G lines 34, 53, 58; U1, rules 3, 16 and 17",Established
འཁྲུལ་པ་,Delusion,,,,Component of: བཏགས་པའི་འཁྲུལ་པ་; འཁྲུལ་སྣང་; འཁྲུལ་ཚུལ་; འཁྲུལ་ཤེས་,"G, line 203; Related mappings: G lines 54, 150, 151, 152",Established
རྟོགས་པ་,Realization,A different lexical item from རྟོག་/རྟོག་པ་. Reserve 'realization' for this entry rather than using it casually for experiential acquaintance.,realization (noun); realize / realizes / realized / realizing (verb forms where the construction calls for a verb),,Distinct entry: རྟོག་; རྟོག་པ་; རྣམ་རྟོག་; ཉམས་མྱོང་,"G, line 204; Related mappings: G lines 45, 46, 62, 165; U1, rules 1, 3 and 4; U2, discussion of 4.2",Established
བྱ་བ་,Doing,Preserve the visible relationship to 'free from doing' for བྱ་བྲལ་.,"doing; do / does / did / done, when the source requires a verb",,Paired with: བྱ་བྲལ་,"G, line 205; Related mappings: G lines 76; U1, rule 5; U2, discussion of 4.2",Established
གནས་འགྱུ་,Abiding and movement,"Preserve both members and their order: abiding, then movement.",,,Combines: གནས་པ་; འགྱུ་བ་,"G, line 206; Related mappings: G lines 16, 59; U1, rules 5 and 6",Established
གང་ཤར་,Whatever arises,,,,,"G, line 207",Established
གསལ་སྟོང་,Clarity-emptiness,,,,Contains: སྟོང་པ་; གསལ་བ་,"G, line 208; Related mappings: G lines 49, 156",Established
བློ་བྲལ་,Free from the conceptual mind,Keep 'conceptual mind' visible in this established whole-expression rendering.,,,Contains: བློ་,"G, line 209; Related mappings: G lines 79; U1, rule 2",Established
བློ་འདས་,Beyond the conceptual mind,Keep 'conceptual mind' visible in this established whole-expression rendering.,,,Contains: བློ་,"G, line 210; Related mappings: G lines 79; U1, rule 2",Established
ལྷོད་པ་,Relaxed,,,,"Related listed form: ལྷོད་
Distinct entry: སློད་པ་","G, line 211; Related mappings: G lines 212, 213",Established
ལྷོད་,Relaxation,,,,"Related listed form: ལྷོད་པ་
Distinct entry: སློད་","G, line 212; Related mappings: G lines 211, 214",Established
སློད་པ་,Loosen,,,,"Related listed form: སློད་
Distinct entry: ལྷོད་པ་","G, line 213; Related mappings: G lines 211, 214",Established
སློད་,Release,,,,"Related listed form: སློད་པ་
Distinct entry: ལྷོད་","G, line 214; Related mappings: G lines 212, 213",Established
མི་རྟོག་པ་,Non-conceptuality,Preserve the listed conceptualization-family wording and its distinction from རྟོགས་པ་ ('realization'). Related forms are not automatically interchangeable.,,,Lexical family: རྟོག་,"G, line 215; Related mappings: G lines 45; U1, rules 1, 4 and 7",Established
རྟོག་མེད་,Free from conceptualization,Preserve the listed conceptualization-family wording and its distinction from རྟོགས་པ་ ('realization'). Related forms are not automatically interchangeable.,,,Lexical family: རྟོག་,"G, line 216; Related mappings: G lines 45; U1, rules 1, 4 and 7",Established
ཞེན་རྟོག་,Clinging conceptualization,Preserve the listed conceptualization-family wording and its distinction from རྟོགས་པ་ ('realization'). Related forms are not automatically interchangeable.,,,"Contains: ཞེན་པ་
Lexical family: རྟོག་","G, line 217; Related mappings: G lines 45, 89; U1, rules 1, 4 and 7",Established
ཤེས་རབ་,Discerning knowing,"Preserve 'discerning knowing', including in its listed compounds. Do not merge it with primordial knowing under generic 'wisdom'.",,,"Component of: ཤེས་རབ་ཀྱི་ཕ་རོལ་ཏུ་ཕྱིན་པ་; ཤེས་རབ་རང་བྱུང་གི་སྒྲོན་མ་
Distinct entry: ཡེ་ཤེས་","G, line 218; Related mappings: G lines 104, 133, 219; U1, rules 2 and 8; U2, terminology preservation",Established
ཤེས་རབ་ཀྱི་ཕ་རོལ་ཏུ་ཕྱིན་པ་,Perfection of discerning knowing,Keep 'discerning knowing' visible in this established whole-expression rendering.,,,Contains: ཤེས་རབ་,"G, line 219; Related mappings: G lines 218; U1, rule 2",Established
ལོངས་སྤྱོད་རྫོགས་སྐུ་,Complete enjoyment embodiment,,,,Contains: སྐུ་,"G, line 220; Related mappings: G lines 222",Established
སྤྲུལ་པའི་སྐུ་,Emanation embodiment,,,,Contains: སྐུ་,"G, line 221; Related mappings: G lines 222",Established
སྐུ་,Embodiment,,embodiment; embodiments where number is expressed or required by an established phrase,,Component of: སྐུ་གསུམ་; སྐུ་དང་ཡེ་ཤེས་; ཆོས་སྐུ་; ལོངས་སྤྱོད་རྫོགས་སྐུ་; སྤྲུལ་པའི་སྐུ་,"G, line 222; Related mappings: G lines 10, 11, 30, 220, 221; U1, rule 2; G, lines 10–11 and 220–222",Established
ཐོབ་,Attainment,,"attainment (noun); attain / attains / attained / attaining, when the source requires a verb",,,"G, line 223; U2, discussion of 4.2",Established
སྣང་,Appearance,,,,Shares original English gloss: སྣང་བ་,"G, line 224; Related mappings: G lines 64; G observation: shared English output retained; relationship rationale not supplied",Established; shared English gloss preserved. Its relationship rationale is not yet documented
